,index,capacity_factor,cluster,counts,data_type
0,0,0.0,0.0,38.0,solar
1,1,0.0,0.0,38.0,solar
2,2,0.0,0.0,38.0,solar
3,3,0.0,0.0,38.0,solar
4,4,0.0,0.0,38.0,solar
5,5,0.0,0.0,38.0,solar
6,6,0.0469,0.0,38.0,solar
7,7,0.1678,0.0,38.0,solar
8,8,0.2972,0.0,38.0,solar
9,9,0.40700000000000003,0.0,38.0,solar
10,10,0.4891,0.0,38.0,solar
11,11,0.5345,0.0,38.0,solar
12,12,0.5351,0.0,38.0,solar
13,13,0.5038,0.0,38.0,solar
14,14,0.4321,0.0,38.0,solar
15,15,0.3218,0.0,38.0,solar
16,16,0.1907,0.0,38.0,solar
17,17,0.0697,0.0,38.0,solar
18,18,0.0009,0.0,38.0,solar
19,19,0.0,0.0,38.0,solar
20,20,0.0,0.0,38.0,solar
21,21,0.0,0.0,38.0,solar
22,22,0.0,0.0,38.0,solar
23,23,0.0,0.0,38.0,solar
24,24,0.0,1.0,61.0,solar
25,25,0.0,1.0,61.0,solar
26,26,0.0,1.0,61.0,solar
27,27,0.0,1.0,61.0,solar
28,28,0.0,1.0,61.0,solar
29,29,0.0,1.0,61.0,solar
30,30,0.0,1.0,61.0,solar
31,31,0.0023,1.0,61.0,solar
32,32,0.0407,1.0,61.0,solar
33,33,0.10300000000000001,1.0,61.0,solar
34,34,0.1614,1.0,61.0,solar
35,35,0.2,1.0,61.0,solar
36,36,0.1933,1.0,61.0,solar
37,37,0.1628,1.0,61.0,solar
38,38,0.1136,1.0,61.0,solar
39,39,0.0535,1.0,61.0,solar
40,40,0.0074,1.0,61.0,solar
41,41,0.0,1.0,61.0,solar
42,42,0.0,1.0,61.0,solar
43,43,0.0,1.0,61.0,solar
44,44,0.0,1.0,61.0,solar
45,45,0.0,1.0,61.0,solar
46,46,0.0,1.0,61.0,solar
47,47,0.0,1.0,61.0,solar
48,48,0.0,2.0,46.0,solar
49,49,0.0,2.0,46.0,solar
50,50,0.0,2.0,46.0,solar
51,51,0.0,2.0,46.0,solar
52,52,0.0,2.0,46.0,solar
53,53,0.0259,2.0,46.0,solar
54,54,0.1128,2.0,46.0,solar
55,55,0.2183,2.0,46.0,solar
56,56,0.3087,2.0,46.0,solar
57,57,0.3687,2.0,46.0,solar
58,58,0.397,2.0,46.0,solar
59,59,0.4048,2.0,46.0,solar
60,60,0.3941,2.0,46.0,solar
61,61,0.3634,2.0,46.0,solar
62,62,0.3169,2.0,46.0,solar
63,63,0.2519,2.0,46.0,solar
64,64,0.1734,2.0,46.0,solar
65,65,0.0964,2.0,46.0,solar
66,66,0.0301,2.0,46.0,solar
67,67,0.0003,2.0,46.0,solar
68,68,0.0,2.0,46.0,solar
69,69,0.0,2.0,46.0,solar
70,70,0.0,2.0,46.0,solar
71,71,0.0,2.0,46.0,solar
72,72,0.0,3.0,58.0,solar
73,73,0.0,3.0,58.0,solar
74,74,0.0,3.0,58.0,solar
75,75,0.0,3.0,58.0,solar
76,76,0.0,3.0,58.0,solar
77,77,0.0,3.0,58.0,solar
78,78,0.0,3.0,58.0,solar
79,79,0.0185,3.0,58.0,solar
80,80,0.1048,3.0,58.0,solar
81,81,0.2023,3.0,58.0,solar
82,82,0.2854,3.0,58.0,solar
83,83,0.3333,3.0,58.0,solar
84,84,0.3341,3.0,58.0,solar
85,85,0.3085,3.0,58.0,solar
86,86,0.2517,3.0,58.0,solar
87,87,0.1523,3.0,58.0,solar
88,88,0.0495,3.0,58.0,solar
89,89,0.0001,3.0,58.0,solar
90,90,0.0,3.0,58.0,solar
91,91,0.0,3.0,58.0,solar
92,92,0.0,3.0,58.0,solar
93,93,0.0,3.0,58.0,solar
94,94,0.0,3.0,58.0,solar
95,95,0.0,3.0,58.0,solar
96,96,0.0,4.0,55.0,solar
97,97,0.0,4.0,55.0,solar
98,98,0.0,4.0,55.0,solar
99,99,0.0,4.0,55.0,solar
100,100,0.0011,4.0,55.0,solar
101,101,0.0449,4.0,55.0,solar
102,102,0.1324,4.0,55.0,solar
103,103,0.239,4.0,55.0,solar
104,104,0.3457,4.0,55.0,solar
105,105,0.4411,4.0,55.0,solar
106,106,0.5108,4.0,55.0,solar
107,107,0.5361,4.0,55.0,solar
108,108,0.5327,4.0,55.0,solar
109,109,0.5039,4.0,55.0,solar
110,110,0.4344,4.0,55.0,solar
111,111,0.3356,4.0,55.0,solar
112,112,0.2331,4.0,55.0,solar
113,113,0.1401,4.0,55.0,solar
114,114,0.0581,4.0,55.0,solar
115,115,0.0071,4.0,55.0,solar
116,116,0.0,4.0,55.0,solar
117,117,0.0,4.0,55.0,solar
118,118,0.0,4.0,55.0,solar
119,119,0.0,4.0,55.0,solar
120,120,0.0,5.0,59.0,solar
121,121,0.0,5.0,59.0,solar
122,122,0.0,5.0,59.0,solar
123,123,0.0,5.0,59.0,solar
124,124,0.0,5.0,59.0,solar
125,125,0.0,5.0,59.0,solar
126,126,0.0,5.0,59.0,solar
127,127,0.0,5.0,59.0,solar
128,128,0.0004,5.0,59.0,solar
129,129,0.0228,5.0,59.0,solar
130,130,0.0588,5.0,59.0,solar
131,131,0.0868,5.0,59.0,solar
132,132,0.0986,5.0,59.0,solar
133,133,0.0873,5.0,59.0,solar
134,134,0.0469,5.0,59.0,solar
135,135,0.0061,5.0,59.0,solar
136,136,0.0,5.0,59.0,solar
137,137,0.0,5.0,59.0,solar
138,138,0.0,5.0,59.0,solar
139,139,0.0,5.0,59.0,solar
140,140,0.0,5.0,59.0,solar
141,141,0.0,5.0,59.0,solar
142,142,0.0,5.0,59.0,solar
143,143,0.0,5.0,59.0,solar
144,144,0.0,6.0,47.0,solar
145,145,0.0,6.0,47.0,solar
146,146,0.0,6.0,47.0,solar
147,147,0.0,6.0,47.0,solar
148,148,0.001,6.0,47.0,solar
149,149,0.0614,6.0,47.0,solar
150,150,0.1648,6.0,47.0,solar
151,151,0.2907,6.0,47.0,solar
152,152,0.4171,6.0,47.0,solar
153,153,0.5237,6.0,47.0,solar
154,154,0.6004,6.0,47.0,solar
155,155,0.6326,6.0,47.0,solar
156,156,0.6345,6.0,47.0,solar
157,157,0.603,6.0,47.0,solar
158,158,0.5252,6.0,47.0,solar
159,159,0.4117,6.0,47.0,solar
160,160,0.2826,6.0,47.0,solar
161,161,0.16699999999999998,6.0,47.0,solar
162,162,0.0672,6.0,47.0,solar
163,163,0.0041,6.0,47.0,solar
164,164,0.0,6.0,47.0,solar
165,165,0.0,6.0,47.0,solar
166,166,0.0,6.0,47.0,solar
167,167,0.0,6.0,47.0,solar
168,168,0.0,7.0,47.0,solar
169,169,0.0,7.0,47.0,solar
170,170,0.0,7.0,47.0,solar
171,171,0.0,7.0,47.0,solar
172,172,0.0,7.0,47.0,solar
173,173,0.0,7.0,47.0,solar
174,174,0.0019,7.0,47.0,solar
175,175,0.0659,7.0,47.0,solar
176,176,0.16899999999999998,7.0,47.0,solar
177,177,0.2917,7.0,47.0,solar
178,178,0.3878,7.0,47.0,solar
179,179,0.4331,7.0,47.0,solar
180,180,0.4501,7.0,47.0,solar
181,181,0.4264,7.0,47.0,solar
182,182,0.3387,7.0,47.0,solar
183,183,0.2337,7.0,47.0,solar
184,184,0.109,7.0,47.0,solar
185,185,0.0145,7.0,47.0,solar
186,186,0.0,7.0,47.0,solar
187,187,0.0,7.0,47.0,solar
188,188,0.0,7.0,47.0,solar
189,189,0.0,7.0,47.0,solar
190,190,0.0,7.0,47.0,solar
191,191,0.0,7.0,47.0,solar
192,0,0.0836,0.0,91.0,onshore
193,1,0.08,0.0,91.0,onshore
194,2,0.0781,0.0,91.0,onshore
195,3,0.0773,0.0,91.0,onshore
196,4,0.0765,0.0,91.0,onshore
197,5,0.0735,0.0,91.0,onshore
198,6,0.0754,0.0,91.0,onshore
199,7,0.077,0.0,91.0,onshore
200,8,0.0772,0.0,91.0,onshore
201,9,0.0764,0.0,91.0,onshore
202,10,0.0775,0.0,91.0,onshore
203,11,0.0801,0.0,91.0,onshore
204,12,0.0815,0.0,91.0,onshore
205,13,0.0814,0.0,91.0,onshore
206,14,0.0802,0.0,91.0,onshore
207,15,0.0788,0.0,91.0,onshore
208,16,0.0805,0.0,91.0,onshore
209,17,0.0866,0.0,91.0,onshore
210,18,0.0978,0.0,91.0,onshore
211,19,0.1085,0.0,91.0,onshore
212,20,0.1188,0.0,91.0,onshore
213,21,0.1268,0.0,91.0,onshore
214,22,0.1291,0.0,91.0,onshore
215,23,0.1295,0.0,91.0,onshore
216,24,0.3492,1.0,48.0,onshore
217,25,0.3502,1.0,48.0,onshore
218,26,0.3544,1.0,48.0,onshore
219,27,0.3553,1.0,48.0,onshore
220,28,0.3728,1.0,48.0,onshore
221,29,0.3752,1.0,48.0,onshore
222,30,0.3637,1.0,48.0,onshore
223,31,0.3753,1.0,48.0,onshore
224,32,0.39899999999999997,1.0,48.0,onshore
225,33,0.409,1.0,48.0,onshore
226,34,0.4146,1.0,48.0,onshore
227,35,0.4103,1.0,48.0,onshore
228,36,0.4026,1.0,48.0,onshore
229,37,0.3899,1.0,48.0,onshore
230,38,0.3702,1.0,48.0,onshore
231,39,0.3441,1.0,48.0,onshore
232,40,0.3214,1.0,48.0,onshore
233,41,0.3095,1.0,48.0,onshore
234,42,0.3129,1.0,48.0,onshore
235,43,0.3342,1.0,48.0,onshore
236,44,0.3436,1.0,48.0,onshore
237,45,0.3505,1.0,48.0,onshore
238,46,0.3575,1.0,48.0,onshore
239,47,0.3592,1.0,48.0,onshore
240,48,0.3589,2.0,21.0,onshore
241,49,0.3346,2.0,21.0,onshore
242,50,0.3433,2.0,21.0,onshore
243,51,0.3477,2.0,21.0,onshore
244,52,0.3354,2.0,21.0,onshore
245,53,0.3344,2.0,21.0,onshore
246,54,0.3468,2.0,21.0,onshore
247,55,0.3925,2.0,21.0,onshore
248,56,0.4432,2.0,21.0,onshore
249,57,0.4829,2.0,21.0,onshore
250,58,0.5428,2.0,21.0,onshore
251,59,0.5788,2.0,21.0,onshore
252,60,0.5957,2.0,21.0,onshore
253,61,0.5866,2.0,21.0,onshore
254,62,0.5663,2.0,21.0,onshore
255,63,0.5596,2.0,21.0,onshore
256,64,0.5688,2.0,21.0,onshore
257,65,0.5779,2.0,21.0,onshore
258,66,0.6067,2.0,21.0,onshore
259,67,0.6182,2.0,21.0,onshore
260,68,0.6094,2.0,21.0,onshore
261,69,0.6066,2.0,21.0,onshore
262,70,0.6,2.0,21.0,onshore
263,71,0.5794,2.0,21.0,onshore
264,72,0.3154,3.0,64.0,onshore
265,73,0.2939,3.0,64.0,onshore
266,74,0.278,3.0,64.0,onshore
267,75,0.2703,3.0,64.0,onshore
268,76,0.2637,3.0,64.0,onshore
269,77,0.2578,3.0,64.0,onshore
270,78,0.2305,3.0,64.0,onshore
271,79,0.2148,3.0,64.0,onshore
272,80,0.2485,3.0,64.0,onshore
273,81,0.2687,3.0,64.0,onshore
274,82,0.2839,3.0,64.0,onshore
275,83,0.3027,3.0,64.0,onshore
276,84,0.3217,3.0,64.0,onshore
277,85,0.3181,3.0,64.0,onshore
278,86,0.2961,3.0,64.0,onshore
279,87,0.2793,3.0,64.0,onshore
280,88,0.2602,3.0,64.0,onshore
281,89,0.2119,3.0,64.0,onshore
282,90,0.1919,3.0,64.0,onshore
283,91,0.2011,3.0,64.0,onshore
284,92,0.2058,3.0,64.0,onshore
285,93,0.2081,3.0,64.0,onshore
286,94,0.213,3.0,64.0,onshore
287,95,0.2154,3.0,64.0,onshore
288,96,0.5501,4.0,20.0,onshore
289,97,0.5707,4.0,20.0,onshore
290,98,0.5945,4.0,20.0,onshore
291,99,0.6015,4.0,20.0,onshore
292,100,0.5905,4.0,20.0,onshore
293,101,0.5742,4.0,20.0,onshore
294,102,0.5545,4.0,20.0,onshore
295,103,0.5497,4.0,20.0,onshore
296,104,0.5411,4.0,20.0,onshore
297,105,0.5575,4.0,20.0,onshore
298,106,0.5617,4.0,20.0,onshore
299,107,0.5633,4.0,20.0,onshore
300,108,0.5681,4.0,20.0,onshore
301,109,0.5684,4.0,20.0,onshore
302,110,0.5769,4.0,20.0,onshore
303,111,0.5735,4.0,20.0,onshore
304,112,0.5572,4.0,20.0,onshore
305,113,0.5394,4.0,20.0,onshore
306,114,0.5183,4.0,20.0,onshore
307,115,0.4966,4.0,20.0,onshore
308,116,0.4679,4.0,20.0,onshore
309,117,0.424,4.0,20.0,onshore
310,118,0.3983,4.0,20.0,onshore
311,119,0.3854,4.0,20.0,onshore
312,120,0.2136,5.0,69.0,onshore
313,121,0.2053,5.0,69.0,onshore
314,122,0.2017,5.0,69.0,onshore
315,123,0.1955,5.0,69.0,onshore
316,124,0.184,5.0,69.0,onshore
317,125,0.1546,5.0,69.0,onshore
318,126,0.1604,5.0,69.0,onshore
319,127,0.1601,5.0,69.0,onshore
320,128,0.1591,5.0,69.0,onshore
321,129,0.1565,5.0,69.0,onshore
322,130,0.1526,5.0,69.0,onshore
323,131,0.1527,5.0,69.0,onshore
324,132,0.1556,5.0,69.0,onshore
325,133,0.1604,5.0,69.0,onshore
326,134,0.1673,5.0,69.0,onshore
327,135,0.1731,5.0,69.0,onshore
328,136,0.1775,5.0,69.0,onshore
329,137,0.1762,5.0,69.0,onshore
330,138,0.1609,5.0,69.0,onshore
331,139,0.1471,5.0,69.0,onshore
332,140,0.1472,5.0,69.0,onshore
333,141,0.1513,5.0,69.0,onshore
334,142,0.1541,5.0,69.0,onshore
335,143,0.1607,5.0,69.0,onshore
336,144,0.8045,6.0,18.0,onshore
337,145,0.7943,6.0,18.0,onshore
338,146,0.8009,6.0,18.0,onshore
339,147,0.7929,6.0,18.0,onshore
340,148,0.7705,6.0,18.0,onshore
341,149,0.7624,6.0,18.0,onshore
342,150,0.7653,6.0,18.0,onshore
343,151,0.768,6.0,18.0,onshore
344,152,0.7659999999999999,6.0,18.0,onshore
345,153,0.7737,6.0,18.0,onshore
346,154,0.8024,6.0,18.0,onshore
347,155,0.8314,6.0,18.0,onshore
348,156,0.8459,6.0,18.0,onshore
349,157,0.8454,6.0,18.0,onshore
350,158,0.8398,6.0,18.0,onshore
351,159,0.8311,6.0,18.0,onshore
352,160,0.8093,6.0,18.0,onshore
353,161,0.7842,6.0,18.0,onshore
354,162,0.7542,6.0,18.0,onshore
355,163,0.7189,6.0,18.0,onshore
356,164,0.6778,6.0,18.0,onshore
357,165,0.6466,6.0,18.0,onshore
358,166,0.6162,6.0,18.0,onshore
359,167,0.5911,6.0,18.0,onshore
360,168,0.16899999999999998,7.0,34.0,onshore
361,169,0.1614,7.0,34.0,onshore
362,170,0.1511,7.0,34.0,onshore
363,171,0.1449,7.0,34.0,onshore
364,172,0.1393,7.0,34.0,onshore
365,173,0.1318,7.0,34.0,onshore
366,174,0.1307,7.0,34.0,onshore
367,175,0.1378,7.0,34.0,onshore
368,176,0.1533,7.0,34.0,onshore
369,177,0.17300000000000001,7.0,34.0,onshore
370,178,0.183,7.0,34.0,onshore
371,179,0.192,7.0,34.0,onshore
372,180,0.2113,7.0,34.0,onshore
373,181,0.2319,7.0,34.0,onshore
374,182,0.249,7.0,34.0,onshore
375,183,0.2687,7.0,34.0,onshore
376,184,0.2865,7.0,34.0,onshore
377,185,0.2991,7.0,34.0,onshore
378,186,0.3106,7.0,34.0,onshore
379,187,0.3343,7.0,34.0,onshore
380,188,0.3617,7.0,34.0,onshore
381,189,0.3753,7.0,34.0,onshore
382,190,0.3949,7.0,34.0,onshore
383,191,0.4195,7.0,34.0,onshore
384,0,0.2642,0.0,66.0,offshore
385,1,0.2551,0.0,66.0,offshore
386,2,0.2443,0.0,66.0,offshore
387,3,0.226,0.0,66.0,offshore
388,4,0.2143,0.0,66.0,offshore
389,5,0.2129,0.0,66.0,offshore
390,6,0.2126,0.0,66.0,offshore
391,7,0.2061,0.0,66.0,offshore
392,8,0.1922,0.0,66.0,offshore
393,9,0.1881,0.0,66.0,offshore
394,10,0.1933,0.0,66.0,offshore
395,11,0.1958,0.0,66.0,offshore
396,12,0.1964,0.0,66.0,offshore
397,13,0.2027,0.0,66.0,offshore
398,14,0.2243,0.0,66.0,offshore
399,15,0.25,0.0,66.0,offshore
400,16,0.284,0.0,66.0,offshore
401,17,0.3435,0.0,66.0,offshore
402,18,0.3825,0.0,66.0,offshore
403,19,0.3992,0.0,66.0,offshore
404,20,0.3831,0.0,66.0,offshore
405,21,0.365,0.0,66.0,offshore
406,22,0.35100000000000003,0.0,66.0,offshore
407,23,0.3449,0.0,66.0,offshore
408,24,0.6348,1.0,29.0,offshore
409,25,0.6469,1.0,29.0,offshore
410,26,0.6693,1.0,29.0,offshore
411,27,0.6931,1.0,29.0,offshore
412,28,0.7141,1.0,29.0,offshore
413,29,0.7294,1.0,29.0,offshore
414,30,0.7462,1.0,29.0,offshore
415,31,0.7559999999999999,1.0,29.0,offshore
416,32,0.7479,1.0,29.0,offshore
417,33,0.7369,1.0,29.0,offshore
418,34,0.7097,1.0,29.0,offshore
419,35,0.6816,1.0,29.0,offshore
420,36,0.6621,1.0,29.0,offshore
421,37,0.6455,1.0,29.0,offshore
422,38,0.6245,1.0,29.0,offshore
423,39,0.5827,1.0,29.0,offshore
424,40,0.5473,1.0,29.0,offshore
425,41,0.5084,1.0,29.0,offshore
426,42,0.4808,1.0,29.0,offshore
427,43,0.4726,1.0,29.0,offshore
428,44,0.4635,1.0,29.0,offshore
429,45,0.4607,1.0,29.0,offshore
430,46,0.4515,1.0,29.0,offshore
431,47,0.4429,1.0,29.0,offshore
432,48,0.3496,2.0,37.0,offshore
433,49,0.3395,2.0,37.0,offshore
434,50,0.3278,2.0,37.0,offshore
435,51,0.3099,2.0,37.0,offshore
436,52,0.287,2.0,37.0,offshore
437,53,0.2748,2.0,37.0,offshore
438,54,0.2767,2.0,37.0,offshore
439,55,0.289,2.0,37.0,offshore
440,56,0.2937,2.0,37.0,offshore
441,57,0.3129,2.0,37.0,offshore
442,58,0.344,2.0,37.0,offshore
443,59,0.3695,2.0,37.0,offshore
444,60,0.3831,2.0,37.0,offshore
445,61,0.3967,2.0,37.0,offshore
446,62,0.3998,2.0,37.0,offshore
447,63,0.4111,2.0,37.0,offshore
448,64,0.40700000000000003,2.0,37.0,offshore
449,65,0.4313,2.0,37.0,offshore
450,66,0.4878,2.0,37.0,offshore
451,67,0.5744,2.0,37.0,offshore
452,68,0.6148,2.0,37.0,offshore
453,69,0.5997,2.0,37.0,offshore
454,70,0.5965,2.0,37.0,offshore
455,71,0.5954,2.0,37.0,offshore
456,72,0.4135,3.0,62.0,offshore
457,73,0.3941,3.0,62.0,offshore
458,74,0.3866,3.0,62.0,offshore
459,75,0.3908,3.0,62.0,offshore
460,76,0.40399999999999997,3.0,62.0,offshore
461,77,0.3963,3.0,62.0,offshore
462,78,0.3733,3.0,62.0,offshore
463,79,0.3339,3.0,62.0,offshore
464,80,0.2858,3.0,62.0,offshore
465,81,0.2718,3.0,62.0,offshore
466,82,0.2666,3.0,62.0,offshore
467,83,0.2509,3.0,62.0,offshore
468,84,0.235,3.0,62.0,offshore
469,85,0.2301,3.0,62.0,offshore
470,86,0.23,3.0,62.0,offshore
471,87,0.2173,3.0,62.0,offshore
472,88,0.1998,3.0,62.0,offshore
473,89,0.1975,3.0,62.0,offshore
474,90,0.1931,3.0,62.0,offshore
475,91,0.1809,3.0,62.0,offshore
476,92,0.1727,3.0,62.0,offshore
477,93,0.1734,3.0,62.0,offshore
478,94,0.1768,3.0,62.0,offshore
479,95,0.1789,3.0,62.0,offshore
480,96,0.3557,4.0,42.0,offshore
481,97,0.3653,4.0,42.0,offshore
482,98,0.3873,4.0,42.0,offshore
483,99,0.4053,4.0,42.0,offshore
484,100,0.4164,4.0,42.0,offshore
485,101,0.4256,4.0,42.0,offshore
486,102,0.4352,4.0,42.0,offshore
487,103,0.4666,4.0,42.0,offshore
488,104,0.5032,4.0,42.0,offshore
489,105,0.5299,4.0,42.0,offshore
490,106,0.5493,4.0,42.0,offshore
491,107,0.5654,4.0,42.0,offshore
492,108,0.5760000000000001,4.0,42.0,offshore
493,109,0.5839,4.0,42.0,offshore
494,110,0.5939,4.0,42.0,offshore
495,111,0.608,4.0,42.0,offshore
496,112,0.624,4.0,42.0,offshore
497,113,0.6383,4.0,42.0,offshore
498,114,0.6477,4.0,42.0,offshore
499,115,0.6596,4.0,42.0,offshore
500,116,0.6617,4.0,42.0,offshore
501,117,0.6625,4.0,42.0,offshore
502,118,0.665,4.0,42.0,offshore
503,119,0.6595,4.0,42.0,offshore
504,120,0.1709,5.0,97.0,offshore
505,121,0.1527,5.0,97.0,offshore
506,122,0.1393,5.0,97.0,offshore
507,123,0.1289,5.0,97.0,offshore
508,124,0.11800000000000001,5.0,97.0,offshore
509,125,0.0996,5.0,97.0,offshore
510,126,0.0828,5.0,97.0,offshore
511,127,0.0745,5.0,97.0,offshore
512,128,0.0745,5.0,97.0,offshore
513,129,0.0794,5.0,97.0,offshore
514,130,0.0886,5.0,97.0,offshore
515,131,0.10099999999999999,5.0,97.0,offshore
516,132,0.1132,5.0,97.0,offshore
517,133,0.1201,5.0,97.0,offshore
518,134,0.1242,5.0,97.0,offshore
519,135,0.1262,5.0,97.0,offshore
520,136,0.1252,5.0,97.0,offshore
521,137,0.1213,5.0,97.0,offshore
522,138,0.1172,5.0,97.0,offshore
523,139,0.1205,5.0,97.0,offshore
524,140,0.132,5.0,97.0,offshore
525,141,0.1444,5.0,97.0,offshore
526,142,0.1541,5.0,97.0,offshore
527,143,0.1647,5.0,97.0,offshore
528,144,0.5869,6.0,32.0,offshore
529,145,0.5759,6.0,32.0,offshore
530,146,0.5764,6.0,32.0,offshore
531,147,0.5670000000000001,6.0,32.0,offshore
532,148,0.5512,6.0,32.0,offshore
533,149,0.55,6.0,32.0,offshore
534,150,0.5489,6.0,32.0,offshore
535,151,0.5389,6.0,32.0,offshore
536,152,0.5097,6.0,32.0,offshore
537,153,0.4616,6.0,32.0,offshore
538,154,0.4368,6.0,32.0,offshore
539,155,0.42200000000000004,6.0,32.0,offshore
540,156,0.4113,6.0,32.0,offshore
541,157,0.4131,6.0,32.0,offshore
542,158,0.4139,6.0,32.0,offshore
543,159,0.392,6.0,32.0,offshore
544,160,0.379,6.0,32.0,offshore
545,161,0.3806,6.0,32.0,offshore
546,162,0.3815,6.0,32.0,offshore
547,163,0.3762,6.0,32.0,offshore
548,164,0.3647,6.0,32.0,offshore
549,165,0.3576,6.0,32.0,offshore
550,166,0.3449,6.0,32.0,offshore
551,167,0.3205,6.0,32.0,offshore
552,168,0.6984,7.0,37.0,offshore
553,169,0.7120000000000001,7.0,37.0,offshore
554,170,0.7116,7.0,37.0,offshore
555,171,0.7147,7.0,37.0,offshore
556,172,0.7090000000000001,7.0,37.0,offshore
557,173,0.7223,7.0,37.0,offshore
558,174,0.7406,7.0,37.0,offshore
559,175,0.7671,7.0,37.0,offshore
560,176,0.8232,7.0,37.0,offshore
561,177,0.8413,7.0,37.0,offshore
562,178,0.8398,7.0,37.0,offshore
563,179,0.8519,7.0,37.0,offshore
564,180,0.8664,7.0,37.0,offshore
565,181,0.8706,7.0,37.0,offshore
566,182,0.8722,7.0,37.0,offshore
567,183,0.8703,7.0,37.0,offshore
568,184,0.8657,7.0,37.0,offshore
569,185,0.8577,7.0,37.0,offshore
570,186,0.8489,7.0,37.0,offshore
571,187,0.8257,7.0,37.0,offshore
572,188,0.7784,7.0,37.0,offshore
573,189,0.7321,7.0,37.0,offshore
574,190,0.6694,7.0,37.0,offshore
575,191,0.6114,7.0,37.0,offshore
576,0,27336.33333333333,0.0,38.0,load
577,1,27992.5,0.0,38.0,load
578,2,27447.08333333333,0.0,38.0,load
579,3,26971.08333333333,0.0,38.0,load
580,4,27538.58333333333,0.0,38.0,load
581,5,30422.5,0.0,38.0,load
582,6,36257.91666666666,0.0,38.0,load
583,7,38428.16666666666,0.0,38.0,load
584,8,38366.91666666666,0.0,38.0,load
585,9,37702.083333333336,0.0,38.0,load
586,10,37267.41666666666,0.0,38.0,load
587,11,37002.583333333336,0.0,38.0,load
588,12,36303.833333333336,0.0,38.0,load
589,13,35889.083333333336,0.0,38.0,load
590,14,35612.25,0.0,38.0,load
591,15,37095.66666666666,0.0,38.0,load
592,16,38685.583333333336,0.0,38.0,load
593,17,38736.75,0.0,38.0,load
594,18,38836.16666666666,0.0,38.0,load
595,19,39611.083333333336,0.0,38.0,load
596,20,38019.833333333336,0.0,38.0,load
597,21,33804.083333333336,0.0,38.0,load
598,22,29348.91666666667,0.0,38.0,load
599,23,27947.08333333333,0.0,38.0,load
600,24,22159.5,1.0,56.0,load
601,25,21879.0,1.0,56.0,load
602,26,21583.08333333333,1.0,56.0,load
603,27,21343.25,1.0,56.0,load
604,28,21421.33333333333,1.0,56.0,load
605,29,21691.416666666668,1.0,56.0,load
606,30,22572.83333333333,1.0,56.0,load
607,31,23876.16666666667,1.0,56.0,load
608,32,25974.75,1.0,56.0,load
609,33,27142.41666666667,1.0,56.0,load
610,34,27384.16666666667,1.0,56.0,load
611,35,27528.41666666667,1.0,56.0,load
612,36,27013.66666666667,1.0,56.0,load
613,37,26364.25,1.0,56.0,load
614,38,26147.25,1.0,56.0,load
615,39,26988.41666666667,1.0,56.0,load
616,40,27991.83333333333,1.0,56.0,load
617,41,28458.33333333333,1.0,56.0,load
618,42,28768.33333333333,1.0,56.0,load
619,43,29781.16666666667,1.0,56.0,load
620,44,29348.41666666667,1.0,56.0,load
621,45,27199.0,1.0,56.0,load
622,46,24459.41666666667,1.0,56.0,load
623,47,22685.16666666667,1.0,56.0,load
624,48,23526.75,2.0,82.0,load
625,49,22880.66666666667,2.0,82.0,load
626,50,22442.33333333333,2.0,82.0,load
627,51,22393.41666666667,2.0,82.0,load
628,52,22634.25,2.0,82.0,load
629,53,25184.33333333333,2.0,82.0,load
630,54,29635.5,2.0,82.0,load
631,55,31519.0,2.0,82.0,load
632,56,31675.41666666667,2.0,82.0,load
633,57,31278.83333333333,2.0,82.0,load
634,58,31356.66666666667,2.0,82.0,load
635,59,31548.08333333333,2.0,82.0,load
636,60,31459.83333333333,2.0,82.0,load
637,61,30784.75,2.0,82.0,load
638,62,30633.16666666667,2.0,82.0,load
639,63,31868.0,2.0,82.0,load
640,64,33094.333333333336,2.0,82.0,load
641,65,33460.833333333336,2.0,82.0,load
642,66,33229.666666666664,2.0,82.0,load
643,67,32674.66666666667,2.0,82.0,load
644,68,32195.08333333333,2.0,82.0,load
645,69,30797.91666666667,2.0,82.0,load
646,70,26963.41666666667,2.0,82.0,load
647,71,24760.33333333333,2.0,82.0,load
648,72,30772.5,3.0,38.0,load
649,73,31048.58333333333,3.0,38.0,load
650,74,30818.66666666667,3.0,38.0,load
651,75,30110.0,3.0,38.0,load
652,76,29422.33333333333,3.0,38.0,load
653,77,29772.41666666667,3.0,38.0,load
654,78,33163.416666666664,3.0,38.0,load
655,79,40554.25,3.0,38.0,load
656,80,43333.833333333336,3.0,38.0,load
657,81,43808.66666666666,3.0,38.0,load
658,82,43913.583333333336,3.0,38.0,load
659,83,43678.083333333336,3.0,38.0,load
660,84,43594.16666666666,3.0,38.0,load
661,85,43267.91666666666,3.0,38.0,load
662,86,42942.833333333336,3.0,38.0,load
663,87,43546.66666666666,3.0,38.0,load
664,88,46260.16666666666,3.0,38.0,load
665,89,48829.375,3.0,38.0,load
666,90,49054.08333333334,3.0,38.0,load
667,91,48117.91666666666,3.0,38.0,load
668,92,45366.16666666666,3.0,38.0,load
669,93,41276.75,3.0,38.0,load
670,94,36296.0,3.0,38.0,load
671,95,31786.66666666667,3.0,38.0,load
672,96,27720.83333333333,4.0,26.0,load
673,97,27558.08333333333,4.0,26.0,load
674,98,27081.08333333333,4.0,26.0,load
675,99,26123.75,4.0,26.0,load
676,100,25264.33333333333,4.0,26.0,load
677,101,24788.75,4.0,26.0,load
678,102,25474.58333333333,4.0,26.0,load
679,103,26516.66666666667,4.0,26.0,load
680,104,27879.0,4.0,26.0,load
681,105,31393.5,4.0,26.0,load
682,106,33695.833333333336,4.0,26.0,load
683,107,35038.083333333336,4.0,26.0,load
684,108,35713.083333333336,4.0,26.0,load
685,109,35390.5,4.0,26.0,load
686,110,35171.583333333336,4.0,26.0,load
687,111,35421.666666666664,4.0,26.0,load
688,112,38090.66666666666,4.0,26.0,load
689,113,41854.5,4.0,26.0,load
690,114,41251.25,4.0,26.0,load
691,115,38932.0,4.0,26.0,load
692,116,36347.583333333336,4.0,26.0,load
693,117,33303.0,4.0,26.0,load
694,118,30029.25,4.0,26.0,load
695,119,26533.25,4.0,26.0,load
696,120,29845.16666666667,5.0,36.0,load
697,121,29578.91666666667,5.0,36.0,load
698,122,29105.66666666667,5.0,36.0,load
699,123,28241.41666666667,5.0,36.0,load
700,124,27403.08333333333,5.0,36.0,load
701,125,28370.08333333333,5.0,36.0,load
702,126,29154.16666666667,5.0,36.0,load
703,127,32166.75,5.0,36.0,load
704,128,35160.25,5.0,36.0,load
705,129,38094.5,5.0,36.0,load
706,130,38368.25,5.0,36.0,load
707,131,38226.333333333336,5.0,36.0,load
708,132,38383.41666666666,5.0,36.0,load
709,133,38169.5,5.0,36.0,load
710,134,38100.41666666666,5.0,36.0,load
711,135,38823.75,5.0,36.0,load
712,136,41375.5,5.0,36.0,load
713,137,43830.75,5.0,36.0,load
714,138,43028.66666666666,5.0,36.0,load
715,139,41486.91666666666,5.0,36.0,load
716,140,39056.833333333336,5.0,36.0,load
717,141,36230.41666666666,5.0,36.0,load
718,142,33037.416666666664,5.0,36.0,load
719,143,29144.66666666667,5.0,36.0,load
720,144,29668.08333333333,6.0,58.0,load
721,145,29949.41666666667,6.0,58.0,load
722,146,29286.66666666667,6.0,58.0,load
723,147,29006.33333333333,6.0,58.0,load
724,148,28602.41666666667,6.0,58.0,load
725,149,29275.08333333333,6.0,58.0,load
726,150,32666.91666666667,6.0,58.0,load
727,151,38431.583333333336,6.0,58.0,load
728,152,40278.16666666666,6.0,58.0,load
729,153,40626.833333333336,6.0,58.0,load
730,154,40452.41666666666,6.0,58.0,load
731,155,40450.583333333336,6.0,58.0,load
732,156,40640.75,6.0,58.0,load
733,157,40508.75,6.0,58.0,load
734,158,40601.583333333336,6.0,58.0,load
735,159,40916.66666666666,6.0,58.0,load
736,160,43185.25,6.0,58.0,load
737,161,45139.66666666666,6.0,58.0,load
738,162,46715.08333333334,6.0,58.0,load
739,163,46736.66666666666,6.0,58.0,load
740,164,43960.583333333336,6.0,58.0,load
741,165,39735.91666666666,6.0,58.0,load
742,166,34914.416666666664,6.0,58.0,load
743,167,30457.91666666667,6.0,58.0,load
744,168,24895.66666666667,7.0,69.0,load
745,169,24573.41666666667,7.0,69.0,load
746,170,24166.08333333333,7.0,69.0,load
747,171,23982.41666666667,7.0,69.0,load
748,172,24349.75,7.0,69.0,load
749,173,26967.83333333333,7.0,69.0,load
750,174,32312.16666666667,7.0,69.0,load
751,175,34447.083333333336,7.0,69.0,load
752,176,34882.583333333336,7.0,69.0,load
753,177,34238.5,7.0,69.0,load
754,178,34147.75,7.0,69.0,load
755,179,33916.166666666664,7.0,69.0,load
756,180,33140.083333333336,7.0,69.0,load
757,181,32602.83333333333,7.0,69.0,load
758,182,32606.41666666667,7.0,69.0,load
759,183,34098.75,7.0,69.0,load
760,184,35323.166666666664,7.0,69.0,load
761,185,35540.25,7.0,69.0,load
762,186,35773.166666666664,7.0,69.0,load
763,187,35223.25,7.0,69.0,load
764,188,34537.666666666664,7.0,69.0,load
765,189,32446.08333333333,7.0,69.0,load
766,190,28066.5,7.0,69.0,load
767,191,25445.75,7.0,69.0,load
